text,label
Når er fristen for å levere merverdiavgift?,Hva er fristen på innsending av merverdiavgift?
Hva er datoen for innlevering av merverdiavgift?,Hva er fristen på innsending av merverdiavgift?
Når er fristen for innlevering av merverdiavgift?,Hva er fristen på innsending av merverdiavgift?
Hvilken dato er siste frist for å levere merverdiavgift?,Hva er fristen på innsending av merverdiavgift?
Når er den siste datoen for å innlevere merverdiavgift?,Hva er fristen på innsending av merverdiavgift?
Når er fristen for å levere inn merverdiavgiften?,Hva er fristen på innsending av merverdiavgift?
Hva betyr MVA?,Hva er merverdiavgift (MVA)?
Hva er betydningen av MVA?,Hva er merverdiavgift (MVA)?
Hva innebærer begrepet MVA?,Hva er merverdiavgift (MVA)?
Hva betyr MVA?,Hva er merverdiavgift (MVA)?
Hva er betydningen av MVA?,Hva er merverdiavgift (MVA)?
Hva innebærer MVA?,Hva er merverdiavgift (MVA)?
Når er siste frist for å levere skattemeldingen?,Hva er fristen på innsending av skattemelding?
Hva er den siste datoen for å sende inn skattemeldingen?,Hva er fristen på innsending av skattemelding?
Når er fristen for å levere skattemeldingen?,Hva er fristen på innsending av skattemelding?
Hvilken dato er siste frist for å sende inn skattemeldingen?,Hva er fristen på innsending av skattemelding?
Når er fristen for å levere skattemeldingen?,Hva er fristen på innsending av skattemelding?
Hva er datoen for innlevering av skattemeldingen?,Hva er fristen på innsending av skattemelding?
Når er siste frist for å levere årsoppgjøret?,Hva er fristen for årsoppgjør?
Hva er fristen for levering av årsoppgjøret?,Hva er fristen for årsoppgjør?
Når er siste frist for å levere årsoppgjøret?,Hva er fristen for årsoppgjør?
Hva er den endelige datoen for å levere årsoppgjøret?,Hva er fristen for årsoppgjør?
Når er siste frist for å levere årsoppgjøret?,Hva er fristen for årsoppgjør?
Hva er den siste datoen for å levere årsregnskapet?,Hva er fristen for årsoppgjør?
Hvordan kan jeg gå frem for å registrere et enkeltpersonforetak?,Hvordan registrerer jeg et enkeltpersonforetak?
Hvordan kan jeg registrere et enkeltpersonforetak?,Hvordan registrerer jeg et enkeltpersonforetak?
Hvordan går jeg frem for å melde meg som enkeltpersonforetak?,Hvordan registrerer jeg et enkeltpersonforetak?
Hva må jeg gjøre for å registrere meg som enkeltpersonforetak?,Hvordan registrerer jeg et enkeltpersonforetak?
Hvordan går jeg frem for å melde meg som enkeltpersonforetak?,Hvordan registrerer jeg et enkeltpersonforetak?
Hvordan kan jeg registrere meg som enkeltpersonforetak?,Hvordan registrerer jeg et enkeltpersonforetak?
Hvordan kan jeg søke om tillatelse til å servere alkohol?,Hvordan søker jeg om serveringsbevilling?
Hvordan kan jeg få tillatelse til å servere alkohol?,Hvordan søker jeg om serveringsbevilling?
Hvordan kan jeg få autorisasjon til å tilby alkoholholdige drikkevarer?,Hvordan søker jeg om serveringsbevilling?
Hvordan kan jeg få tillatelse til å servere alkoholholdige drikkevarer?,Hvordan søker jeg om serveringsbevilling?
Hvordan kan jeg søke om tillatelse til å servere alkoholholdige drikkevarer?,Hvordan søker jeg om serveringsbevilling?
Hvordan kan jeg søke om tillatelse til å selge alkoholholdige drikkevarer?,Hvordan søker jeg om serveringsbevilling?
Hvordan ser søknaden for etableringsprøve ut?,Hvordan er søknad for etableringsprøve?
Kan du vise meg et eksempel på en søknad for etableringsprøve?,Hvordan er søknad for etableringsprøve?
Kan du demonstrere hvordan man skriver en søknad for etableringsprøve?,Hvordan er søknad for etableringsprøve?
Kan du vise meg eksempler på hvordan man skriver en søknad for etableringsprøven?,Hvordan er søknad for etableringsprøve?
Kan du vise meg noen eksempler på hvordan man formulerer en søknad for etableringsprøven?,Hvordan er søknad for etableringsprøve?
Kan du vise meg noen eksempler på hvordan man skriver en søknad for etableringsprøven?,Hvordan er søknad for etableringsprøve?
Hvordan kan jeg søke om å bli registrert for merverdiavgift?,Hvordan søker jeg om registrering av mva?
Hvordan kan jeg sende inn en søknad for å bli registrert for merverdiavgift?,Hvordan søker jeg om registrering av mva?
Hvordan går jeg frem for å søke om registrering for merverdiavgift?,Hvordan søker jeg om registrering av mva?
Hvordan kan jeg søke om registrering for merverdiavgift?,Hvordan søker jeg om registrering av mva?
Hvordan kan jeg sende inn en søknad om å bli registrert for merverdiavgift?,Hvordan søker jeg om registrering av mva?
Hvordan går jeg frem for å søke om registrering for merverdiavgift?,Hvordan søker jeg om registrering av mva?
Hvordan gjennomføres rapporteringen av alkoholsalg?,Hvordan utføres omsetningsoppgaven for alkohol?
Hvordan blir alkoholsalget rapportert?,Hvordan utføres omsetningsoppgaven for alkohol?
På hvilken måte blir alkoholsalget rapportert?,Hvordan utføres omsetningsoppgaven for alkohol?
Hvordan rapporteres salget av alkohol?,Hvordan utføres omsetningsoppgaven for alkohol?
På hvilken måte blir salget av alkohol rapportert?,Hvordan utføres omsetningsoppgaven for alkohol?
Hvordan rapporteres salget av alkohol?,Hvordan utføres omsetningsoppgaven for alkohol?
Når er siste mulige tidspunkt for å sende inn A-meldingen?,Hva er fristen for å levere A-meldingen?
Hva er siste frist for å sende inn A-meldingen?,Hva er fristen for å levere A-meldingen?
Når er den endelige datoen for å levere A-meldingen?,Hva er fristen for å levere A-meldingen?
Hva er den siste fristen for å sende inn A-meldingen?,Hva er fristen for å levere A-meldingen?
Når er den endelige datoen for å sende inn A-meldingen?,Hva er fristen for å levere A-meldingen?
Hva er fristen for å levere A-meldingen?,Hva er fristen for å levere A-meldingen?
Hvor mye koster det per time å få utført bokføring?,Hva er timepris for bokføring?
Hva er prisen per time for å få utført bokføring?,Hva er timepris for bokføring?
Hvor mye koster det per time å få utført bokføringstjenester?,Hva er timepris for bokføring?
Hva er prisen per time for bokføringstjenester?,Hva er timepris for bokføring?
Hvor mye koster det per time for å få utført bokføringstjenester?,Hva er timepris for bokføring?
Hva er prisen per time for å få bokføringstjenester utført?,Hva er timepris for bokføring?
Hvor mye koster det å registrere et enkeltpersonforetak?,Hva er pris for registrering av enkeltpresonsforetak?
Hva er prisen for å registrere et enkeltpersonforetak?,Hva er pris for registrering av enkeltpresonsforetak?
Hvor mye koster det å registrere et enkeltpersonforetak?,Hva er pris for registrering av enkeltpresonsforetak?
Hva er kostnaden for å registrere et enkeltpersonforetak?,Hva er pris for registrering av enkeltpresonsforetak?
Hvor mye koster det å registrere et enkeltpersonforetak?,Hva er pris for registrering av enkeltpresonsforetak?
Hva er prisen for å registrere et enkeltpersonforetak?,Hva er pris for registrering av enkeltpresonsforetak?
Hvor mye koster det å registrere et aksjeselskap?,Hva er pris for registrering av aksjeselskap?
Hva er prisen for å registrere et aksjeselskap?,Hva er pris for registrering av aksjeselskap?
Hvor mye koster det å registrere et aksjeselskap?,Hva er pris for registrering av aksjeselskap?
Hva er prisen for å registrere et aksjeselskap?,Hva er pris for registrering av aksjeselskap?
Hvor mye koster det å registrere et aksjeselskap?,Hva er pris for registrering av aksjeselskap?
Hva er kostnaden for å registrere et aksjeselskap?,Hva er pris for registrering av aksjeselskap?
Hvor mye koster det med årsoppgjør for EPF og Aksje selskap?,Hva er prisen på årsoppgjør for EPF og Aksje selskap?
Hva er prisen for årsregnskapet for EPF og aksjeselskapet?,Hva er prisen på årsoppgjør for EPF og Aksje selskap?
Hvor mye koster det for et årsregnskap for EPF og aksjeselskapet?,Hva er prisen på årsoppgjør for EPF og Aksje selskap?
Hva er prisen for et årsregnskap for EPF og aksjeselskapet?,Hva er prisen på årsoppgjør for EPF og Aksje selskap?
Hvor mye koster det for å få et årsregnskap for EPF og aksjeselskapet?,Hva er prisen på årsoppgjør for EPF og Aksje selskap?
Hva er prisen for et årsregnskap for EPF og aksjeselskapet?,Hva er prisen på årsoppgjør for EPF og Aksje selskap?
Kan du forklare meg forskjellen mellom regnskapsføring og revisjon?,Hva er forskjellen mellom regnskapsføring og revisjon?
Kan du beskrive forskjellene mellom regnskapsføring og revisjon for meg?,Hva er forskjellen mellom regnskapsføring og revisjon?
Kan du fortelle meg hva som skiller regnskapsføring og revisjon fra hverandre?,Hva er forskjellen mellom regnskapsføring og revisjon?
Kan du forklare forskjellene mellom regnskapsføring og revisjon for meg?,Hva er forskjellen mellom regnskapsføring og revisjon?
Kan du beskrive de ulike aspektene ved regnskapsføring og revisjon for meg?,Hva er forskjellen mellom regnskapsføring og revisjon?
"Kan du gi meg en gjennomgang av regnskapsføring og revisjon, og hvordan disse ulike aspektene henger sammen?",Hva er forskjellen mellom regnskapsføring og revisjon?
Er det pålagt regnskapsplikt for alle?,Har alle regnskapsplikt?
Må alle følge regnskapsplikt?,Har alle regnskapsplikt?
Er det obligatorisk for alle å følge regnskapsplikten?,Har alle regnskapsplikt?
Må alle følge reglene for å rapportere økonomisk informasjon?,Har alle regnskapsplikt?
Er det obligatorisk for alle å overholde reglene for å gi økonomisk informasjon?,Har alle regnskapsplikt?
Må alle følge reglene for å rapportere økonomisk informasjon?,Har alle regnskapsplikt?
Hva innebærer det å ha plikt til å føre regnskap?,Hva er bokføringsplikt?
Hva betyr det å være ansvarlig for å holde orden på regnskapet?,Hva er bokføringsplikt?
Hvordan defineres ansvaret for å opprettholde regnskapsmessig orden?,Hva er bokføringsplikt?
Hva er definisjonen av ansvar for å opprettholde regnskapsmessig orden?,Hva er bokføringsplikt?
Hva innebærer det å ha ansvar for å opprettholde regnskapsmessig orden?,Hva er bokføringsplikt?
Hvilke ansvarsområder følger med ansvaret for å opprettholde regnskapsmessig orden?,Hva er bokføringsplikt?
Er det mulig å fradragsføre hjemmekontorutgifter på skatten?,Kan jeg trekke fra hjemmekontor på skatten?
Kan man trekke fra kostnader for hjemmekontor på skatten?,Kan jeg trekke fra hjemmekontor på skatten?
Er det mulig å fradragsføre utgifter til hjemmekontor på skattemeldingen?,Kan jeg trekke fra hjemmekontor på skatten?
Kan man trekke fra utgifter til hjemmekontor på skattemeldingen?,Kan jeg trekke fra hjemmekontor på skatten?
Er det mulig å fradragsføre utgifter til hjemmekontor ved skatteoppgjøret?,Kan jeg trekke fra hjemmekontor på skatten?
Kan utgifter til hjemmekontor fradragsføres ved skatteoppgjøret?,Kan jeg trekke fra hjemmekontor på skatten?
Hva skiller en balanse fra et resultatregnskap?,Hva er forskjellen på en balanse og et resultatregnskap?
Hva er forskjellen mellom en balanse og et resultatregnskap?,Hva er forskjellen på en balanse og et resultatregnskap?
Hva skiller en balanse fra et resultatregnskap?,Hva er forskjellen på en balanse og et resultatregnskap?
Hva er forskjellen mellom en balanse og et resultatregnskap?,Hva er forskjellen på en balanse og et resultatregnskap?
Hva skiller en balanse fra et resultatregnskap?,Hva er forskjellen på en balanse og et resultatregnskap?
Hva er forskjellen mellom en balanse og et resultatregnskap?,Hva er forskjellen på en balanse og et resultatregnskap?
Hvordan kan jeg finne ut av skatteberegningen for mitt enkeltpersonforetak?,Hvordan beregner jeg skatt for mitt enkeltpersonforetak?
Hvordan kan jeg beregne skatten for mitt enkeltpersonforetak?,Hvordan beregner jeg skatt for mitt enkeltpersonforetak?
Hvordan kan jeg finne ut av skatteberegningen for mitt enkeltpersonforetak?,Hvordan beregner jeg skatt for mitt enkeltpersonforetak?
Hvordan kan jeg beregne skatten for mitt enkeltpersonforetak?,Hvordan beregner jeg skatt for mitt enkeltpersonforetak?
Hvordan kan jeg finne ut av skatteberegningen for mitt enkeltpersonforetak?,Hvordan beregner jeg skatt for mitt enkeltpersonforetak?
Kan du hjelpe meg med å beregne skattene for mitt enkeltpersonforetak?,Hvordan beregner jeg skatt for mitt enkeltpersonforetak?
"Må man ha revisor, eller er det valgfritt?",Er det obligatorisk med revisor?
"Er det obligatorisk å ha revisor, eller kan man velge å ikke ha det?",Er det obligatorisk med revisor?
"Må man ha revisor, eller er det valgfritt å unnlate det?",Er det obligatorisk med revisor?
"Er det obligatorisk med revisor, eller har man muligheten til å droppe det?",Er det obligatorisk med revisor?
"Må man ha revisor, eller kan man velge å ikke ha det?",Er det obligatorisk med revisor?
"Er det obligatorisk å ha revisor, eller er det lov å velge å ikke ha det?",Er det obligatorisk med revisor?
Når har dere åpent?,Hva er åpningstidene deres?
Hvilke tidspunkter er dere tilgjengelige?,Hva er åpningstidene deres?
Når er det dere har mulighet?,Hva er åpningstidene deres?
Når passer det for dere?,Hva er åpningstidene deres?
Når passer det dere?,Hva er åpningstidene deres?
Hvilket tidspunkt passer for dere?,Hva er åpningstidene deres?
Kan dere hjelpe meg med å fylle ut selvangivelsen?,Tilbyr dere bistand med selvangivelsen?
Kan noen være så snill å assistere meg med å fullføre skattemeldingen?,Tilbyr dere bistand med selvangivelsen?
Kan noen hjelpe meg med å fullføre skattemeldingen?,Tilbyr dere bistand med selvangivelsen?
Er det noen som kan gi meg assistanse med å ferdigstille skattemeldingen min?,Tilbyr dere bistand med selvangivelsen?
Kan noen hjelpe meg med å fullføre skattemeldingen min?,Tilbyr dere bistand med selvangivelsen?
Er det noen som kan gi meg assistanse til å ferdigstille skattemeldingen min?,Tilbyr dere bistand med selvangivelsen?
Kan dere bistå med lønnsadministrasjon?,Kan dere hjelpe til med lønnstjenester?
Kan dere hjelpe med å administrere lønninger?,Kan dere hjelpe til med lønnstjenester?
Kan dere bistå med lønnsadministrasjon?,Kan dere hjelpe til med lønnstjenester?
Trenger dere hjelp med lønnsadministrasjonen?,Kan dere hjelpe til med lønnstjenester?
Trenger dere assistanse med å administrere lønnene deres?,Kan dere hjelpe til med lønnstjenester?
Har dere behov for hjelp med lønnsadministrasjonen deres?,Kan dere hjelpe til med lønnstjenester?
Hvor finner vi kontoret deres?,Hvor er kontoret deres lokalisert?
Hvor er kontoret deres lokalisert?,Hvor er kontoret deres lokalisert?
Hvor finner jeg kontoret deres?,Hvor er kontoret deres lokalisert?
Hvor kan jeg finne deres kontorlokaler?,Hvor er kontoret deres lokalisert?
Hvor er det jeg kan finne deres kontorlokaler?,Hvor er kontoret deres lokalisert?
Kan du fortelle meg hvor jeg kan finne deres kontorlokaler?,Hvor er kontoret deres lokalisert?
Kan dere gi råd til småbedrifter?,Tilbyr dere rådgivning for småbedrifter?
Har dere noen tips å dele med småbedriftseiere?,Tilbyr dere rådgivning for småbedrifter?
Del gjerne noen tips med småbedriftseiere.,Tilbyr dere rådgivning for småbedrifter?
Har du noen råd å dele med småbedriftseiere?,Tilbyr dere rådgivning for småbedrifter?
Har du noen tips å gi til småbedriftseiere?,Tilbyr dere rådgivning for småbedrifter?
Hva slags råd vil du gi til eiere av småbedrifter?,Tilbyr dere rådgivning for småbedrifter?
Kan du fortelle meg hvordan jeg kan avtale en konsultasjon?,Hvordan kan jeg bestille en konsultasjon?
Hvordan går jeg frem for å avtale en konsultasjon?,Hvordan kan jeg bestille en konsultasjon?
Hvordan kan jeg avtale en konsultasjon?,Hvordan kan jeg bestille en konsultasjon?
Hvordan kan jeg avtale et møte for en konsultasjon?,Hvordan kan jeg bestille en konsultasjon?
Hvordan kan jeg avtale en avtale for å diskutere detaljer og få råd?,Hvordan kan jeg bestille en konsultasjon?
Hvordan kan jeg organisere et møte for å gå gjennom detaljer og få veiledning?,Hvordan kan jeg bestille en konsultasjon?
Har dere tidligere erfaring med rådgivning innen internasjonale skatter?,Er dere erfarne med internasjonal skatterådgivning?
Har dere tidligere praktisert rådgivning om internasjonale skatter?,Er dere erfarne med internasjonal skatterådgivning?
Har dere erfaring med å gi råd om internasjonal skatt?,Er dere erfarne med internasjonal skatterådgivning?
Har dere tidligere delt deres kunnskap om internasjonal skatt?,Er dere erfarne med internasjonal skatterådgivning?
Har dere tidligere bidratt med deres kunnskap om skatt på tvers av landegrenser?,Er dere erfarne med internasjonal skatterådgivning?
Har dere tidligere delt deres kunnskap om skatt på internasjonalt nivå?,Er dere erfarne med internasjonal skatterådgivning?
Kan vi bistå med digitale regnskapstjenester?,Tilbyr dere digitale regnskapstjenester?
Kan vi hjelpe med digitale regnskapstjenester?,Tilbyr dere digitale regnskapstjenester?
Kan vi tilby vår assistanse med digitale regnskapstjenester?,Tilbyr dere digitale regnskapstjenester?
Trenger dere hjelp med digitale regnskapstjenester?,Tilbyr dere digitale regnskapstjenester?
Kan vi bidra med våre digitale regnskapstjenester for dere?,Tilbyr dere digitale regnskapstjenester?
Kan vi hjelpe dere med våre digitale regnskapstjenester?,Tilbyr dere digitale regnskapstjenester?
Hva slags tjenester leverer deres virksomhet?,Hvilke tjenester tilbyr deres firma?
Hvilke tjenester tilbyr deres selskap?,Hvilke tjenester tilbyr deres firma?
Hva slags tjenester tilbyr selskapet deres?,Hvilke tjenester tilbyr deres firma?
Hvilke tjenester har selskapet ditt?,Hvilke tjenester tilbyr deres firma?
Hvilke tjenester tilbyr selskapet ditt?,Hvilke tjenester tilbyr deres firma?
Hva slags tjenester har selskapet ditt?,Hvilke tjenester tilbyr deres firma?
